Symbol	Company Name
A	Agilent Technologies Inc
AAL	American Airlines Group Inc
AAPL	Apple Inc
ABBV	AbbVie Inc
ABC	AmerisourceBergen Corp
ABMD	Abiomed Inc
ABT	Abbott Laboratories
ACGL	Arch Capital Group Ltd
ACN	Accenture PLC
ADBE	Adobe Systems Inc
ADI	Analog Devices Inc
ADM	Archer Daniels Midland Co
ADP	Automatic Data Processing Inc
ADS	Alliance Data Systems Corp
ADSK	Autodesk Inc
AEE	Ameren Corp
AEP	American Electric Power Company Inc
AET	Aetna Inc
AFG	American Financial Group Inc
AGN	Allergan plc
AGR	Avangrid Inc
AIG	American International Group Inc
AJG	Arthur J Gallagher & Co
AKAM	Akamai Technologies Inc
ALB	Albemarle Corp
ALGN	Align Technology Inc
ALL	Allstate Corp
ALLY	Ally Financial Inc
ALV	Autoliv Inc
ALXN	Alexion Pharmaceuticals Inc
AMAT	Applied Materials Inc
AMD	Advanced Micro Devices Inc
AME	Ametek Inc
AMGN	Amgen Inc
AMP	Ameriprise Financial Inc
AMT	American Tower Corp
AMTD	TD Ameritrade Holding Corp
AMZN	Amazon.com Inc
ANDV	Andeavor
ANET	Arista Networks Inc
ANSS	ANSYS Inc
ANTM	Anthem Inc
AON	Aon PLC
AOS	A. O. Smith Corp
APA	Apache Corp
APC	Anadarko Petroleum Corp
APD	Air Products and Chemicals Inc
APH	Amphenol Corp
APTV	Aptiv PLC
ARE	Alexandria Real Estate Equities Inc
ARG	Airgas Inc
ATVI	Activision Blizzard Inc
AVB	AvalonBay Communities Inc
AVGO	Broadcom Ltd
AWK	American Water Works Company Inc
AXP	American Express Co
AZO	Autozone Inc
BA	Boeing Co
BAC	Bank of America Corp
BAX	Baxter International Inc
BBT	BB&T Corp
BBY	Best Buy Co Inc
BCR	C R Bard Inc
BDX	Becton Dickinson and Co
BEN	Franklin Resources Inc
BF.B	Brown-Forman Corp
BG	Bunge Ltd
BGNE	BeiGene Ltd
BHI	Baker Hughes A GE Co
BIIB	Biogen Inc
BK	Bank of New York Mellon Corp
BKNG	Booking Holdings Inc
BLL	Ball Corp
BMRN	Biomarin Pharmaceutical Inc
BMY	Bristol-Myers Squibb Co
BR	Broadridge Financial Solutions Inc
BRCM	Broadcom Corp
BRK.A	Berkshire Hathaway Inc
BSX	Boston Scientific Corp
BWA	BorgWarner Inc
BX	Blackstone Group LP
BXP	Boston Properties Inc
C	Citigroup Inc
CA	CA Inc
CAG	Conagra Brands Inc
CAH	Cardinal Health Inc
CAM	Cameron International Corp
CAT	Caterpillar Inc
CB	Chubb Ltd
CBOE	Cboe Global Markets Inc
CBS	CBS Corp
CCI	Crown Castle International Corp
CCL	Carnival Corp
CDNS	Cadence Design Systems Inc
CDW	CDW Corp
CE	Celanese Corp
CELG	Celgene Corp
CERN	Cerner Corp
CFG	Citizens Financial Group Inc
CHD	Church & Dwight Co Inc
CHRW	C.H. Robinson Worldwide Inc
CHTR	Charter Communications Inc
CI	Cigna Corp
CINF	Cincinnati Financial Corp
CL	Colgate-Palmolive Co
CLR	Continental Resources Inc
CLX	Clorox Co
CMA	Comerica Inc
CMCSA	Comcast Corp
CME	CME Group Inc
CMG	Chipotle Mexican Grill Inc
CMI	Cummins Inc
CMS	CMS Energy Corp
CNA	CNA Financial Corp
CNC	Centene Corp
CNP	CenterPoint Energy Inc
COF	Capital One Financial Corp
COG	Cabot Oil & Gas Corp
COL	Rockwell Collins Inc
COO	Cooper Companies Inc
COP	ConocoPhillips
COST	Costco Wholesale Corp
COTY	Coty Inc
CP	Canadian Pacific Railway Ltd
CPB	Campbell Soup Co
CPRT	Copart Inc
CRM	Salesforce.com Inc
CSCO	Cisco Systems Inc
CSGP	CoStar Group Inc
CSX	CSX Corp
CTAS	Cintas Corp
CTL	CenturyLink Inc
CTSH	Cognizant Technology Solutions Corp
CTXS	Citrix Systems Inc
CVS	CVS Health Corp
CVX	Chevron Corp
CXO	Concho Resources Inc
D	Dominion Energy Inc
DAL	Delta Air Lines Inc
DD	E I du Pont de Nemours and Co
DE	Deere & Co
DFS	Discover Financial Services
DG	Dollar General Corp
DGX	Quest Diagnostics Inc
DHI	D.R. Horton Inc
DHR	Danaher Corp
DIS	Walt Disney Co
DISCA	Discovery Inc
DISH	DISH Network Corp
DLR	Digital Realty Trust Inc
DLTR	Dollar Tree Inc
DOV	Dover Corp
DOW	Dow Chemical Co
DPS	Dr Pepper Snapple Group Inc
DPZ	Domino's Pizza Inc
DRI	Darden Restaurants Inc
DTE	DTE Energy Co
DUK	Duke Energy Corp
DVA	Davita Inc
DVMT	Dell Technologies Inc
DVN	Devon Energy Corp
DWDP	DowDuPont Inc
EA	Electronic Arts Inc
EBAY	eBay Inc
ECA	Encana Corp
ECL	Ecolab Inc
ED	Consolidated Edison Inc
EFX	Equifax Inc
EIX	Edison International
EL	Estee Lauder Companies Inc
EMC	EMC Corp
EMN	Eastman Chemical Co
EMR	Emerson Electric Co
ENB	Enbridge Inc
ENLK	EnLink Midstream Partners LP
EOG	EOG Resources Inc
EPD	Enterprise Products Partners LP
EQIX	Equinix Inc
EQR	Equity Residential
ES	Eversource Energy
ESRX	Express Scripts Holding Co
ESS	Essex Property Trust Inc
ETE	Energy Transfer Equity LP
ETFC	E*TRADE Financial Corp
ETN	Eaton Corporation PLC
ETR	Entergy Corp
EVHC	Envision Healthcare Corp
EW	Edwards Lifesciences Corp
EXC	Exelon Corp
EXPD	Expeditors International of Washington Inc
EXPE	Expedia Inc
EXR	Extra Space Storage Inc
F	Ford Motor Co
FANG	Diamondback Energy Inc
FAST	Fastenal Co
FB	Facebook Inc
FCX	Freeport-McMoRan Inc
FDC	First Data Corp
FDX	FedEx Corp
FE	FirstEnergy Corp
FIS	Fidelity National Information Services Inc
FITB	Fifth Third Bancorp
FLT	Fleetcor Technologies Inc
FMC	FMC Corp
FNF	Fidelity National Financial Inc
FOXA	Twenty-First Century Fox Inc
FSL	Freescale Semiconductor Ltd
FTV	Fortive Corp
FWONA	Liberty Media Corp
GD	General Dynamics Corp
GDDY	GoDaddy Inc
GE	General Electric Co
GGP	GGP Inc
GILD	Gilead Sciences Inc
GIS	General Mills Inc
GLW	Corning Inc
GM	General Motors Co
GMCR	Keurig Green Mountain Inc
GOOGL	Alphabet Inc
GPC	Genuine Parts Co
GPN	Global Payments Inc
GPS	Gap Inc
GRMN	Garmin Ltd
GS	Goldman Sachs Group Inc
GWW	W W Grainger Inc
HAL	Halliburton Co
HAS	Hasbro Inc
HBAN	Huntington Bancshares Inc
HCA	HCA Healthcare Inc
HCP	HCP Inc
HD	Home Depot Inc
HES	Hess Corp
HFC	HollyFrontier Corp
HIG	Hartford Financial Services Group Inc
HII	Huntington Ingalls Industries Inc
HLT	Hilton Worldwide Holdings Inc
HOLX	Hologic Inc
HON	Honeywell International Inc
HOT	Starwood Hotels & Resorts Worldwide Inc
HPE	Hewlett Packard Enterprise Co
HPQ	HP Inc
HRL	Hormel Foods Corp
HRS	Harris Corp
HSIC	Henry Schein Inc
HSP	Hospira Inc
HST	Host Hotels & Resorts Inc
HSY	Hershey Co
HUM	Humana Inc
IACI	IAC/InterActiveCorp
IBM	International Business Machines Corp
ICE	Intercontinental Exchange Inc
IDXX	IDEXX Laboratories Inc
IEP	Icahn Enterprises LP
IEX	IDEX Corp
IFF	International Flavors & Fragrances Inc
ILMN	Illumina Inc
IMO	Imperial Oil Ltd
IMS	IMS Health Holdings Inc
INCY	Incyte Corp
INTC	Intel Corp
INTU	Intuit Inc
IP	International Paper Co
IPGP	IPG Photonics Corp
IQV	Iqvia Holdings Inc
IR	Ingersoll-Rand PLC
ISRG	Intuitive Surgical Inc
IT	Gartner Inc
ITW	Illinois Tool Works Inc
IVZ	Invesco Ltd
JAH	Jarden Corp
JBHT	J B Hunt Transport Services Inc
JCI	Johnson Controls International PLC
JNJ	Johnson & Johnson
JPM	JPMorgan Chase & Co
K	Kellogg Co
KEY	KeyCorp
KEYS	Keysight Technologies Inc
KHC	Kraft Heinz Co
KITE	Kite Pharma Inc
KKR	KKR & Co LP
KLAC	KLA-Tencor Corp
KMB	Kimberly-Clark Corp
KMI	Kinder Morgan Inc
KMX	Carmax Inc
KO	Coca-Cola Co
KORS	Michael Kors Holdings Ltd
KR	Kroger Co
KSS	Kohls Corp
KSU	Kansas City Southern
L	Loews Corp
LB	L Brands Inc
LBRDK	Liberty Broadband Corp
LEA	Lear Corp
LEN	Lennar Corp
LH	Laboratory Corporation of America Holdings
LLL	L3 Technologies Inc
LLTC	Linear Technology Corp
LLY	Eli Lilly and Co
LMT	Lockheed Martin Corp
LNC	Lincoln National Corp
LNG	Cheniere Energy Inc
LNKD	LinkedIn Corp
LOW	Lowe's Companies Inc
LRCX	Lam Research Corp
LULU	Lululemon Athletica Inc
LUV	Southwest Airlines Co
LVLT	Level 3 Communications Inc
LVS	Las Vegas Sands Corp
LYB	LyondellBasell Industries NV
MA	MasterCard Inc
MAA	Mid-America Apartment Communities Inc
MAR	Marriott International Inc
MAS	Masco Corp
MCD	McDonald's Corp
MCHP	Microchip Technology Inc
MCK	McKesson Corp
MCO	Moody's Corp
MDLZ	Mondelez International Inc
MDT	Medtronic PLC
MDVN	Medivation Inc
MELI	MercadoLibre Inc
MET	Metlife Inc
MGM	MGM Resorts International
MHFI	S&P Global Inc
MHK	Mohawk Industries Inc
MKC	McCormick & Company Inc
MKL	Markel Corp
MLM	Martin Marietta Materials Inc
MMC	Marsh & McLennan Companies Inc
MMM	3M Co
MMP	Magellan Midstream Partners LP
MNST	Monster Beverage Corp
MO	Altria Group Inc
MON	Monsanto Co
MPC	Marathon Petroleum Corp
MPLX	MPLX LP
MRK	Merck & Co Inc
MRO	Marathon Oil Corp
MRVL	Marvell Technology Group Ltd
MS	Morgan Stanley
MSCI	MSCI Inc
MSFT	Microsoft Corp
MSI	Motorola Solutions Inc
MTB	M&T Bank Corp
MTCH	Match Group Inc
MTD	Mettler-Toledo International Inc
MU	Micron Technology Inc
MXIM	Maxim Integrated Products Inc
MYL	Mylan NV
NBL	Noble Energy Inc
NCLH	Norwegian Cruise Line Holdings Ltd
NDAQ	Nasdaq Inc
NEE	NextEra Energy Inc
NEM	Newmont Mining Corp
NFLX	Netflix Inc
NKE	Nike Inc
NKTR	Nektar Therapeutics
NLSN	Nielsen Holdings PLC
NLY	Annaly Capital Management Inc
NOC	NORTHROP GRUMMAN CORP
NOV	National Oilwell Varco Inc
NOW	ServiceNow Inc
NSC	Norfolk Southern Corp
NTAP	NetApp Inc
NTRS	Northern Trust Corp
NUE	Nucor Corp
NVDA	NVIDIA Corp
NVR	NVR Inc
NWL	Newell Brands Inc
NYRT	New York REIT Inc
O	Realty Income Corp
OCR	Omnicare Inc
ODFL	Old Dominion Freight Line Inc
OKE	ONEOK Inc
OKS	ONEOK Partners LP
OMC	Omnicom Group Inc
ON	ON Semiconductor Corp
ORCL	Oracle Corp
ORLY	O'Reilly Automotive Inc
OTEX	Open Text Corp
OXY	Occidental Petroleum Corp
PAA	Plains All American Pipeline LP
PANW	Palo Alto Networks Inc
PAYX	Paychex Inc
PCAR	PACCAR Inc
PCG	PG&E Corp
PCO	Pendrell Corp
PCP	Precision Castparts Corp
PEG	Public Service Enterprise Group Inc
PEP	PepsiCo Inc
PFE	Pfizer Inc
PFG	Principal Financial Group Inc
PG	Procter & Gamble Co
PGR	Progressive Corp
PH	Parker-Hannifin Corp
PKG	Packaging Corp of America
PLD	Prologis Inc
PLL	Pall Corp
PM	Philip Morris International Inc
PNC	PNC Financial Services Group Inc
PNR	Pentair plc
PPG	PPG Industries Inc
PPL	PPL Corp
PRGO	Perrigo Company PLC
PRU	Prudential Financial Inc
PSA	Public Storage
PSX	Phillips 66
PVH	PVH Corp
PX	Praxair Inc
PXD	Pioneer Natural Resources Co
PYPL	PayPal Holdings Inc
QCOM	Qualcomm Inc
QSR	Restaurant Brands International Inc
RAI	Reynolds American Inc
RCL	Royal Caribbean Cruises Ltd
REGN	Regeneron Pharmaceuticals Inc
RF	Regions Financial Corp
RGA	Reinsurance Group of America Inc
RHT	Red Hat Inc
RJF	Raymond James Financial Inc
RMD	ResMed Inc
ROK	Rockwell Automation Inc
ROL	Rollins Inc
ROP	Roper Technologies Inc
ROST	Ross Stores Inc
RSG	Republic Services Inc
RTN	Raytheon Co
S	Sprint Corp
SBAC	SBA Communications Corp
SBUX	Starbucks Corp
SCCO	Southern Copper Corp
SCHW	Charles Schwab Corp
SEIC	SEI Investments Co
SEP	Spectra Energy Partners LP
SHPG	Shire PLC
SHW	Sherwin-Williams Co
SIAL	Sigma-Aldrich Corp
SIRI	Sirius XM Holdings Inc
SIVB	SVB Financial Group
SJM	J M Smucker Co
SLB	Schlumberger NV
SLG	SL Green Realty Corp
SNDK	SanDisk Corp
SNI	Scripps Networks Interactive Inc
SNPS	Synopsys Inc
SO	Southern Co
SPG	Simon Property Group Inc
SPLK	Splunk Inc
SQ	Square Inc
SRE	Sempra Energy
SSNC	SS&C Technologies Holdings Inc
STI	SunTrust Banks Inc
STLD	Steel Dynamics Inc
STT	State Street Corp
STX	Seagate Technology PLC
STZ	Constellation Brands Inc
SWK	Stanley Black & Decker Inc
SWKS	Skyworks Solutions Inc
SYF	Synchrony Financial
SYK	Stryker Corp
SYMC	Symantec Corp
SYY	Sysco Corp
T	AT&T Inc
TAP	Molson Coors Brewing Co
TDG	TransDigm Group Inc
TEL	TE Connectivity Ltd
TEVA	Teva Pharmaceutical Industries Ltd
TFX	Teleflex Inc
TGT	Target Corp
TIF	Tiffany & Co
TJX	TJX Companies Inc
TMK	Torchmark Corp
TMO	Thermo Fisher Scientific Inc
TMUS	T-Mobile US Inc
TROW	T. Rowe Price Group Inc
TRU	TransUnion
TRV	Travelers Companies Inc
TSLA	Tesla Inc
TSN	Tyson Foods Inc
TSS	Total System Services Inc
TTWO	Take-Two Interactive Software Inc
TWC	Time Warner Cable Inc
TWTR	Twitter Inc
TWX	Time Warner Inc
TXN	Texas Instruments Inc
TXT	Textron Inc
UAL	United Continental Holdings Inc
UHS	Universal Health Services Inc
UNH	UnitedHealth Group Inc
UNM	Unum Group
UNP	Union Pacific Corp
UPS	United Parcel Service Inc
URI	United Rentals Inc
USB	U.S. Bancorp
UTX	United Technologies Corp
V	Visa Inc
VAR	Varian Medical Systems Inc
VEEV	Veeva Systems Inc
VFC	VF Corp
VIAB	Viacom Inc
VLO	Valero Energy Corp
VMC	Vulcan Materials Co
VMW	VMware Inc
VNO	Vornado Realty Trust
VRSK	Verisk Analytics Inc
VRSN	Verisign Inc
VRTX	Vertex Pharmaceuticals Inc
VTR	Ventas Inc
VZ	Verizon Communications Inc
WAT	Waters Corp
WBA	Walgreens Boots Alliance Inc
WCN	Waste Connections Inc
WDAY	Workday Inc
WDC	Western Digital Corp
WEC	WEC Energy Group Inc
WELL	Welltower Inc
WES	Western Gas Partners LP
WFC	Wells Fargo & Co
WFM	Whole Foods Market Inc
WHR	Whirlpool Corp
WLK	Westlake Chemical Corp
WM	Waste Management Inc
WMB	Williams Companies Inc
WMT	Walmart Inc
WPZ	Williams Partners LP
WRK	WestRock Co
WSH	Willis Towers Watson PLC
WWAV	WhiteWave Foods Co
WY	Weyerhaeuser Co
WYN	Wyndham Worldwide Corp
WYNN	Wynn Resorts Ltd
XEL	Xcel Energy Inc
XL	XL Group Ltd
XLNX	Xilinx Inc
XOM	Exxon Mobil Corp
XPO	XPO Logistics Inc
XRAY	Dentsply Sirona Inc
XYL	Xylem Inc
YUM	Yum! Brands Inc
YUMC	Yum China Holdings Inc
ZION	Zions Bancorp
ZTS	Zoetis Inc
